{"cameraMode":{"drawMode":0,"name":"Shaded","section":"Shading Mode"},"sceneLighting":true,"audioPlay":false,"sceneViewState":{"showFog":true,"showMaterialUpdate":false,"showSkybox":true,"showFlares":true,"showImageEffects":true,"showParticleSystems":true},"in2DMode":false,"pivot":{"x":-2.7703704833984377,"y":0.43269920349121096,"z":3.175417900085449},"rotation":{"x":-0.10543425381183624,"y":0.8522677421569824,"z":-0.18862444162368775,"w":-0.47638657689094546},"size":10.0,"orthographic":false}