{"cameraMode":{"drawMode":0,"name":"Shaded","section":"Shading Mode"},"sceneLighting":true,"audioPlay":false,"sceneViewState":{"showFog":true,"showMaterialUpdate":false,"showSkybox":true,"showFlares":true,"showImageEffects":true,"showParticleSystems":true},"in2DMode":false,"pivot":{"x":-2.208710193634033,"y":10.251710891723633,"z":0.09962081909179688},"rotation":{"x":0.13473330438137055,"y":-0.7215378284454346,"z":0.1464502215385437,"w":0.6632474660873413},"size":36.32746887207031,"orthographic":true}